assignment_code	Week_number	Day_number	sequence_number	project	project_name	description
SCRUM				false		Lorem ipsum dolor sit amet, consectetur adipiscing elit. Curabitur convallis tincidunt risus vel mattis. Integer varius mollis felis eget suscipit. Mauris pulvinar sed ligula a sagittis. Fusce rutrum ultricies aliquam. Mauris dignissim viverra rutrum. Ut tortor nibh, volutpat eget dignissim ut, venenatis non augue. Morbi mattis tincidunt lectus consectetur gravida. Vestibulum molestie augue nec mauris fermentum feugiat. Sed venenatis ullamcorper ex, a molestie sem semper a. Nullam feugiat suscipit dolor eget aliquet. Suspendisse a blandit turpis. Sed eget ex orci. Mauris ac felis quam. Etiam molestie, tellus ac pharetra feugiat, justo turpis rhoncus quam, vel blandit elit lectus quis ex.
W1D1-1	1	1	1	false		Vestibulum ante ipsum primis in faucibus orci luctus et ultrices posuere cubilia curae; Vivamus eget tellus sit amet nunc lacinia porttitor. Mauris ornare neque finibus est sodales faucibus. Mauris porta elementum commodo. Aliquam ut leo justo. Morbi vel neque eu leo pharetra ultricies. Vivamus molestie venenatis purus, sit amet gravida eros semper sed. Donec at tellus nunc. Sed hendrerit lectus sit amet varius aliquam. Curabitur vestibulum felis vel justo tincidunt, sed elementum sem molestie. Integer sodales accumsan leo eget eleifend. Integer placerat neque quis elit ullamcorper, in dapibus sem consequat.
W1D2-1	1	2	1	false		Praesent nec tincidunt tortor. Donec viverra sodales mauris, ullamcorper suscipit odio rutrum eu. Morbi sit amet turpis convallis, varius eros eu, cursus ante. Vivamus ullamcorper gravida elementum. Phasellus mollis molestie nisl et luctus. Etiam sit amet sollicitudin velit. Cras at accumsan orci. Vivamus placerat felis lacus, a volutpat quam sollicitudin eu. Donec lectus ex, posuere eget pharetra id, eleifend ut sapien. Integer blandit dolor euismod tellus mollis elementum.
W1D2-2	1	2	2	false		Suspendisse libero metus, lacinia sit amet rutrum sit amet, congue scelerisque neque. Curabitur cursus lacus a purus ultrices pellentesque. Curabitur quis condimentum augue, et venenatis neque. Nunc ligula tellus, molestie ac elit id, cursus tempor sapien. Donec iaculis, nisl ut iaculis dapibus, diam elit aliquam elit, eget bibendum odio magna id enim. Ut aliquam vel augue nec rutrum. Donec faucibus faucibus arcu porta pellentesque.
W1D2-3	1	2	3	false		Donec dignissim velit eget ipsum tristique, in interdum orci laoreet. Morbi dapibus bibendum ipsum, a tempor ipsum. Fusce eget dapibus tortor. Ut tincidunt fermentum urna, ac malesuada ante dignissim sit amet. Aenean rutrum, nulla eu convallis lacinia, lacus nunc aliquet tortor, quis suscipit dolor dui non sem. Nulla facilisi. Pellentesque nec ipsum quis eros commodo porttitor.
W1D2-4	1	2	4	false		Sed porta lacinia ornare. Phasellus enim erat, elementum vel nunc non, ullamcorper congue est. Fusce eu auctor tortor. Aenean diam justo, tristique sed justo et, laoreet finibus felis. Ut nec mattis metus, in viverra lorem. Aliquam erat volutpat. Phasellus dapibus nisl id ex bibendum, nec sollicitudin lorem accumsan. Nullam a risus non ligula vehicula hendrerit nec ut lectus. Aenean vitae faucibus ex, vitae egestas tortor. Fusce at tincidunt leo, quis consectetur dolor. Morbi rhoncus sit amet est ac pharetra. Suspendisse interdum ipsum id ex aliquam, consequat dapibus velit mollis. Pellentesque orci diam, consectetur a massa in, placerat aliquet sapien.
W1D2-5	1	2	5	false		Proin ipsum ipsum, vestibulum quis nisl nec, bibendum tempus metus. Curabitur faucibus porta tortor id fermentum. Class aptent taciti sociosqu ad litora torquent per conubia nostra, per inceptos himenaeos. In et metus dui. Aenean id tortor sit amet diam eleifend auctor a in eros. Donec dictum commodo dolor sed efficitur. Ut malesuada, nunc luctus fringilla tempor, ipsum magna pellentesque arcu, vitae euismod diam eros non eros. Aenean sed felis ultricies, mollis diam laoreet, vehicula lorem. Ut tristique euismod augue id fringilla. Quisque mattis dui est, ac venenatis turpis accumsan eget. Duis pulvinar congue purus non ornare. Etiam consectetur mi justo, mollis porttitor ligula placerat sit amet. Nam rhoncus urna luctus tortor tempor, in convallis elit tincidunt. Cras a odio libero.
W1D3-1	1	3	1	false		Donec sed euismod libero, vitae scelerisque massa. Fusce sem urna, egestas eu diam id, gravida vulputate leo. Vestibulum ante ipsum primis in faucibus orci luctus et ultrices posuere cubilia curae; Etiam volutpat sit amet tortor et maximus. Vestibulum convallis, velit porttitor convallis pellentesque, mauris mauris ultrices tellus, in pulvinar est mauris a mauris. Aenean porttitor nulla velit, id mattis tellus interdum eu. Cras mollis rutrum tortor nec consequat. Proin sed dignissim odio, a hendrerit nulla. Aenean nec dolor ac nisi ultricies aliquet. Cras ultrices, sem ac gravida convallis, felis nunc cursus odio, eu mattis libero metus ut tortor. Duis hendrerit tortor sed blandit interdum. Phasellus semper aliquam dui quis blandit.
W1D3-2	1	3	2	false		Nam et felis non lacus tristique dapibus nec eget dui. Ut non semper purus. Sed eleifend viverra quam sit amet feugiat. Curabitur id elit et arcu pharetra interdum. Duis vitae auctor justo. Phasellus aliquam ut mi sit amet tempor. Morbi hendrerit dolor vitae tincidunt lacinia. Praesent ultricies tellus augue, sed dignissim turpis rutrum eu. Donec rhoncus rhoncus libero sit amet pretium. Vivamus congue ipsum risus, sed fermentum arcu tincidunt pretium. Fusce dapibus urna vitae sapien consequat, in dapibus quam viverra. Sed porta, turpis ac accumsan ornare, tellus felis finibus quam, ut dignissim quam massa a nisi. Curabitur sem dui, tristique eget ultrices ullamcorper, tempus nec risus. Proin sollicitudin lacus et mi lobortis, sit amet blandit sapien dapibus. Nunc fermentum facilisis lacus porta vulputate. Class aptent taciti sociosqu ad litora torquent per conubia nostra, per inceptos himenaeos.
W1D3-4	1	3	4	false		Donec lobortis libero sed ante tincidunt, quis egestas quam sodales. Proin urna velit, placerat ac est ut, scelerisque eleifend lorem. Etiam vel leo at mi imperdiet pellentesque. Maecenas eleifend, metus non mattis consequat, velit elit malesuada nibh, ac rhoncus ipsum purus non ante. Proin et laoreet libero. Nulla venenatis, leo at venenatis dictum, ligula dui egestas velit, non mollis nunc ex in justo. Duis eget vulputate est, quis egestas erat. Ut luctus orci nec lacinia fermentum. Sed lobortis pellentesque arcu at ornare. Vivamus facilisis nisi at sollicitudin commodo. Vestibulum dapibus pharetra est, sed dapibus lectus sollicitudin id. In hac habitasse platea dictumst. Mauris ornare volutpat semper.
W1D3-5	1	3	5	false		Etiam ut sodales mi, ac gravida nisi. Cras fermentum facilisis erat, et porta massa elementum eget. Integer nisl ante, scelerisque sit amet ex non, mollis tincidunt urna. Mauris quis tortor venenatis, blandit tortor sollicitudin, tincidunt nisi. Aenean vestibulum risus quis eros tristique, eget consectetur mauris tempor. Lorem ipsum dolor sit amet, consectetur adipiscing elit. Integer porttitor lectus vitae nibh dictum dictum. Suspendisse accumsan ultricies dui sit amet pellentesque. Suspendisse potenti.
W1D3 - Project - Guess-the-number	1	3		true	Guess-the-number	Maecenas vulputate feugiat efficitur. Sed congue tincidunt lacus. In laoreet erat sed purus viverra, ut porttitor mi volutpat. Maecenas fringilla mattis rutrum. Nullam pretium accumsan risus, consequat tempus arcu consectetur id. In hac habitasse platea dictumst. Nam elementum ipsum metus, auctor venenatis sapien varius at. Phasellus vel mauris vitae tellus dignissim tincidunt molestie eget nisl. Proin tristique laoreet scelerisque. Praesent nec ligula sem. Morbi et risus eget odio tempus pretium ut nec orci.
W1D4-1	1	4	1	false		Sed nec mi id nulla rhoncus sodales quis vel turpis. Phasellus lorem enim, dapibus et metus a, porta cursus nulla. Aenean consectetur, nisi non suscipit ornare, nibh neque posuere turpis, eget fermentum mi diam et nunc. Aliquam egestas, magna vel viverra dictum, lacus leo sodales leo, nec tincidunt urna augue at libero. Nulla at vulputate risus, in pulvinar nisl. Fusce vehicula est at ipsum rutrum maximus. Morbi congue lacinia sem quis viverra. Cras vitae ligula euismod, egestas diam sit amet, ultricies nunc. Sed ac eros massa.
W1D4 - Project - Kleurentoggle	1	4		true	Kleurentoggle	Sed tristique pretium orci eget congue. Praesent sed egestas elit. Vivamus cursus magna ante, quis fermentum ante faucibus id. Vivamus pellentesque felis non ex rhoncus, ut eleifend nulla ornare. Aliquam efficitur aliquam dictum. Sed eu auctor nulla, ut viverra risus. Ut id velit lectus.
W1D5 - Project - Galgje	1	5		true	Galgje	Nulla porttitor vel quam a semper. Fusce fringilla leo quis faucibus viverra. Maecenas mattis vestibulum feugiat. Pellentesque sed risus pretium, pellentesque quam non, condimentum ante. Sed lacinia sit amet tellus sed finibus. Quisque commodo justo in lacus dictum, vel posuere sem consequat. Mauris nec ipsum sit amet ligula vestibulum aliquet. Suspendisse tincidunt libero eu turpis commodo, eu pharetra lorem imperdiet. Class aptent taciti sociosqu ad litora torquent per conubia nostra, per inceptos himenaeos. Aenean dignissim fermentum neque non molestie. Praesent vulputate turpis ut enim accumsan finibus.
W2D1-1	2	1	1	false		Orci varius natoque penatibus et magnis dis parturient montes, nascetur ridiculus mus. Pellentesque habitant morbi tristique senectus et netus et malesuada fames ac turpis egestas. Duis id dolor quis felis sodales aliquam. In consequat blandit lorem vitae tempor. Cras a posuere dui, non ornare tellus. Phasellus dapibus est in semper tempor. Nam sollicitudin vehicula sem quis luctus. Aliquam imperdiet nec libero ut euismod. In hac habitasse platea dictumst. Sed dapibus maximus rutrum. Aliquam a ipsum pellentesque, pharetra leo in, laoreet magna. Maecenas ipsum sem, congue vel semper vitae, imperdiet id dui. Etiam eu accumsan elit, pharetra efficitur nunc. Vestibulum lacinia lobortis risus non porttitor. Mauris lobortis quis erat vitae ullamcorper.
W2D1-2	2	1	2	false		Curabitur sit amet imperdiet eros. Fusce ac mi pellentesque, maximus lacus nec, consequat eros. Nulla pretium maximus neque, eu laoreet mi cursus sit amet. Etiam fermentum, lorem sit amet auctor dignissim, augue justo cursus purus, vel commodo mauris urna eu massa. Praesent sed arcu vitae tellus sollicitudin elementum vitae at nisl. Nunc mattis metus id metus scelerisque convallis. Mauris posuere tincidunt arcu quis fermentum. Nullam id fringilla eros, nec suscipit mi. Cras neque enim, imperdiet quis augue vitae, rutrum tempor mauris.
W2D2-1	2	2	1	false		Praesent eleifend tempus dolor, interdum tempor massa. Nulla blandit ullamcorper ligula, eget laoreet enim posuere in. Nullam sollicitudin massa at lacus ullamcorper condimentum. Suspendisse posuere mauris orci. Sed tempor tempor purus, et dictum augue gravida a. Duis elementum euismod metus sed pharetra. Fusce mauris metus, tempor a tincidunt quis, viverra malesuada risus. Mauris malesuada, ex quis dapibus ultricies, ligula metus euismod leo, sed bibendum augue velit nec metus. Mauris enim tortor, consequat non ullamcorper vel, finibus a mi. Nunc facilisis mi porttitor diam commodo fringilla. Integer tincidunt mauris sit amet sollicitudin placerat. Pellentesque lobortis nulla nisi, eu tempus magna pulvinar sed. Maecenas felis nunc, pellentesque nec diam et, tempus scelerisque tortor.
W2D2-2	2	2	2	false		Donec et neque ligula. Aliquam auctor mauris ac nibh ultricies dignissim. In consectetur id velit nec tristique. Nulla tortor nulla, tincidunt eget ornare et, iaculis eget elit. Pellentesque id ullamcorper eros, eget cursus augue. Fusce hendrerit hendrerit mauris, et dictum nisl efficitur laoreet. Suspendisse non risus tincidunt, tempus leo quis, vehicula odio. Aenean rhoncus vulputate eleifend. Maecenas mi mi, posuere suscipit commodo et, volutpat in risus. Etiam id nunc porta, placerat felis eget, tempor tortor. Integer ipsum diam, ullamcorper sit amet gravida a, tempus sit amet arcu. Curabitur molestie sed urna quis consectetur. Nullam vitae pulvinar lectus.
W2D2-3	2	2	3	false		Vestibulum ante ipsum primis in faucibus orci luctus et ultrices posuere cubilia curae; Cras ornare est sit amet erat cursus sollicitudin ut non purus. Nullam consectetur urna eros, nec venenatis lectus pharetra vitae. Pellentesque habitant morbi tristique senectus et netus et malesuada fames ac turpis egestas. Maecenas ut neque mollis velit maximus eleifend ut ac sem. Curabitur pretium tristique nibh, eu molestie tellus. Integer in dolor eu augue interdum finibus. Praesent mi sem, consequat eget nisl a, euismod molestie quam. In hac habitasse platea dictumst. Vestibulum pellentesque felis lacus, at molestie magna blandit vitae. Nulla luctus molestie sem vel iaculis. Donec vitae nunc pretium, pretium purus sit amet, iaculis ex. Etiam nec cursus est, sit amet tristique ligula. Vestibulum egestas, urna id laoreet pulvinar, mi lectus blandit sem, tempus varius metus dui id nunc. Nunc egestas pulvinar sagittis. Morbi finibus sagittis blandit.
W2D3-1	2	3	1	false		Suspendisse consequat turpis ac cursus facilisis. Fusce posuere massa tellus, eget accumsan dui imperdiet ac. Praesent lobortis semper sem, malesuada lobortis turpis viverra pretium. Nullam at urna sit amet nisl luctus laoreet. Suspendisse potenti. Quisque condimentum vel erat in blandit. Curabitur molestie consectetur dolor ac cursus. Suspendisse nec magna et ligula ornare dignissim. Pellentesque laoreet, lectus quis accumsan elementum, elit metus consectetur tortor, vitae ullamcorper tellus justo eu velit. Etiam volutpat a ipsum in ultrices. Ut imperdiet accumsan ligula eget porta. Nam viverra felis at dolor luctus, ac cursus dolor dignissim. Sed sit amet mauris felis. Nulla consectetur purus urna, a finibus risus vulputate at. Aliquam molestie cursus urna, a tincidunt diam tincidunt eget.
W2D3-2	2	3	2	false		Praesent sed erat non leo hendrerit venenatis. Praesent egestas pretium consequat. Aenean varius est vitae nulla auctor finibus at vitae risus. Mauris porttitor elit diam, viverra luctus sem laoreet vel. Proin bibendum, mi sed viverra fringilla, sapien erat dapibus tellus, ut consequat magna mi vel nunc. Nam eget nisl molestie, molestie neque in, pharetra mauris. Curabitur iaculis, leo id ultrices eleifend, libero arcu eleifend tellus, ut placerat diam velit eleifend nunc. Duis id libero a lorem molestie varius. Quisque eget ligula purus. Aenean scelerisque aliquet arcu, eu ullamcorper justo pulvinar sed. Donec varius nunc nec suscipit vulputate. Etiam accumsan lectus et fermentum egestas. Curabitur efficitur a augue vel ullamcorper. Praesent ultrices fringilla diam et ultrices. Class aptent taciti sociosqu ad litora torquent per conubia nostra, per inceptos himenaeos. Quisque id condimentum tortor.
W2D3-3	2	3	3	false		Vivamus tristique tellus eu suscipit venenatis. In at finibus est, ut varius ipsum. Sed ac imperdiet libero. Quisque sed nulla eu tellus dictum placerat. Morbi eu venenatis metus. Cras fringilla tempor sem. Etiam vitae pretium quam. Duis eleifend ante in enim tempor, non pretium est convallis. Etiam ornare scelerisque gravida. Fusce euismod felis maximus ex feugiat rutrum in vitae diam. Sed quis congue nulla.
W2D4-1	2	4	1	false		Sed massa erat, pharetra eu finibus at, rhoncus at nisl. Integer et tristique metus. Proin aliquet tincidunt urna, vel convallis arcu. Cras ac facilisis diam. Donec hendrerit pretium ante ac tempor. Donec lectus nunc, venenatis nec metus a, laoreet lobortis metus. Curabitur ullamcorper, ipsum in aliquet vulputate, ipsum nisi elementum elit, vel maximus nulla mi tempor diam. Etiam faucibus neque urna, at venenatis turpis congue quis. Vestibulum lacus lorem, eleifend sit amet lobortis sed, aliquet eu est. Donec scelerisque auctor mauris id fermentum. Nullam at sollicitudin odio. Morbi dictum at arcu sed maximus. Nulla egestas arcu lectus, vitae imperdiet nisl lobortis ac. Duis nec libero a lectus vulputate interdum in et lorem. Sed pretium sapien velit, eu pharetra felis consequat eu. Phasellus turpis odio, efficitur quis ligula eget, tempus malesuada lorem.
W2D4-2	2	4	2	false		Pellentesque imperdiet sem tortor, quis imperdiet diam pulvinar eget. Pellentesque habitant morbi tristique senectus et netus et malesuada fames ac turpis egestas. Aliquam euismod rhoncus quam, non iaculis est dapibus a. Sed nec odio sed sem rhoncus faucibus. Suspendisse in tempor libero. Class aptent taciti sociosqu ad litora torquent per conubia nostra, per inceptos himenaeos. Integer ac cursus nulla. Fusce a justo id ligula efficitur posuere nec ac sapien. Sed pulvinar aliquam finibus. Curabitur condimentum nisl vel felis accumsan pulvinar.
W2D4-3	2	4	3	false		Donec in dolor diam. Aenean orci orci, feugiat nec tempus non, accumsan eget tortor. Etiam sit amet commodo velit, non consectetur odio. Maecenas nec ligula at mauris gravida interdum et a urna. Sed tempus ultrices turpis, vitae ultricies risus eleifend vel. Curabitur rutrum augue et felis volutpat, sed venenatis elit auctor. Quisque mollis bibendum odio, vitae fringilla eros pulvinar at. Sed commodo magna dolor, bibendum fermentum arcu efficitur ac. Quisque in feugiat mi. Proin aliquet, lectus ac tempus iaculis, lectus leo imperdiet justo, id aliquet purus elit ac metus.
W2D5 - Project - Filmzoeker	2	5		true	Filmzoeker	Ut id lectus quis leo ullamcorper dignissim. Aenean mattis sollicitudin ex, nec laoreet purus. Morbi eget leo vel leo euismod auctor in vitae felis. Curabitur tempus justo nulla, vel dictum urna convallis eget. Suspendisse porttitor sagittis quam a maximus. Morbi luctus, risus eu fringilla consectetur, neque justo aliquet purus, vel sollicitudin sem augue eu tellus. Curabitur efficitur risus hendrerit ligula fringilla dapibus interdum ut ex. Ut suscipit felis nec odio maximus sagittis. Curabitur aliquam ipsum tincidunt consectetur sagittis. Sed eget lectus leo. Vestibulum convallis leo dolor, in semper ex sollicitudin ac. Maecenas est elit, iaculis et malesuada sed, auctor eget dui.
W3D1-1	3	1	1	false		Aliquam ac elit urna. Duis tellus tortor, tempus id porta tincidunt, mattis a tortor. Curabitur convallis egestas tellus sit amet gravida. Pellentesque pretium lorem vel lectus sollicitudin, sed ullamcorper odio congue. Maecenas a massa auctor, commodo sem et, elementum purus. Proin risus libero, laoreet vitae ligula sit amet, rutrum commodo nunc. Pellentesque et nunc a lectus sollicitudin commodo id vel nulla. Maecenas sit amet ultricies mauris, id congue eros. Orci varius natoque penatibus et magnis dis parturient montes, nascetur ridiculus mus. Sed efficitur congue porta. Nunc condimentum ante vel molestie scelerisque. Aenean efficitur ipsum at pellentesque viverra. In hac habitasse platea dictumst. Donec fermentum felis consectetur ante sodales, at elementum enim ultrices. Curabitur congue blandit lorem quis vulputate.
W3D1-2	3	1	2	false		Pellentesque aliquam magna eget luctus condimentum. Praesent vitae leo hendrerit, viverra enim ut, sodales massa. Praesent maximus fringilla tortor sit amet bibendum. Duis id ex enim. Proin condimentum ex nibh, posuere rutrum enim vestibulum ac. Integer at sapien lectus. Suspendisse maximus feugiat volutpat. Aenean et congue nunc. Duis sapien quam, aliquet ac enim sed, pretium dignissim arcu. Nunc faucibus felis ac luctus aliquet. Quisque massa tellus, cursus eu rutrum eget, aliquet id ipsum. Nullam id neque ultricies, viverra turpis sit amet, fringilla lorem. Phasellus rhoncus nisl in sapien ultricies aliquet et varius magna. Cras at odio sit amet elit gravida pulvinar. Nulla placerat tempus ex ac porttitor.
W3D1-3	3	1	3	false		Nunc fermentum vestibulum blandit. Curabitur sed odio in orci vestibulum viverra. Proin fermentum pretium enim tincidunt ultricies. Maecenas at facilisis leo. Sed consequat ligula et mi sodales mattis. Donec fermentum iaculis diam, in euismod lacus ultricies eget. Pellentesque at vulputate magna. Mauris tempor fermentum nulla, et lacinia risus mollis id. Donec laoreet nibh id ligula pretium vulputate.
W3D1-4	3	1	4	false		Sed sit amet congue mi. Cras nec quam efficitur, auctor tellus eget, rhoncus nibh. Sed semper volutpat pulvinar. Donec tincidunt tempus fringilla. Sed eleifend ut justo vel iaculis. Curabitur eu tristique nunc, eu feugiat tortor. Cras tincidunt egestas sagittis. Sed semper orci dolor, id laoreet erat efficitur ut. Orci varius natoque penatibus et magnis dis parturient montes, nascetur ridiculus mus. Aliquam venenatis diam feugiat mauris volutpat malesuada. In accumsan vulputate rutrum.
W3D2-1	3	2	1	false		Donec dui purus, egestas ac accumsan ultricies, sollicitudin id ligula. Fusce porttitor augue diam, non pulvinar nibh pretium at. Nunc sed tortor auctor velit commodo feugiat. Ut gravida urna id viverra suscipit. In ut bibendum mauris. Suspendisse tempor arcu ante, sed tempus nibh aliquam imperdiet. Integer ac sapien vel dolor tristique dapibus. Donec porttitor, quam ut pulvinar elementum, quam arcu porttitor ligula, ac facilisis purus dolor non mi.
W3D2-2	3	2	2	false		Maecenas rhoncus nisl in nibh dapibus ultrices. Fusce accumsan lorem nec purus ultrices, vel porta diam finibus. Lorem ipsum dolor sit amet, consectetur adipiscing elit. Pellentesque tristique magna nec tortor commodo cursus. Curabitur magna purus, tincidunt vel sodales vitae, luctus sit amet dui. In rhoncus diam tellus, sed convallis eros posuere ac. Phasellus ut porta odio.
W3D2-3	3	2	3	false		Vivamus et hendrerit turpis, a ultrices ante. Donec convallis lobortis gravida. Suspendisse potenti. Interdum et malesuada fames ac ante ipsum primis in faucibus. Morbi porttitor urna leo, vitae porttitor massa pretium id. Maecenas efficitur, lacus nec eleifend molestie, nunc neque bibendum augue, quis sollicitudin sem est et lorem. Duis vel sem quam.
W3D3-1	3	3	1	false		Integer suscipit lobortis orci sagittis convallis. Duis laoreet, tellus at iaculis fringilla, tortor nisi porta ex, id eleifend purus augue ac neque. Integer vel nibh nec arcu placerat consequat. Donec justo est, aliquam quis risus a, cursus rutrum arcu. Nullam in malesuada sem. Proin at turpis nec nisi pretium tristique. Sed facilisis accumsan ligula vitae scelerisque. Nullam nec lorem et quam vulputate dictum at ac orci. Vivamus volutpat interdum erat at vehicula. Sed egestas accumsan risus nec dapibus. Donec eleifend tempor cursus. Morbi vestibulum sapien ut euismod congue. Aliquam blandit auctor efficitur.
W3D3-2	3	3	2	false		Vestibulum eros libero, tempor nec euismod eget, maximus ac erat. In hac habitasse platea dictumst. Praesent vulputate nec elit tincidunt elementum. Nunc fermentum, nisl ac dictum luctus, tortor ipsum pharetra enim, ut sollicitudin ipsum dolor in est. Maecenas sed mi mollis, sodales lectus sed, sodales ex. Nam dapibus malesuada elit, in scelerisque purus eleifend eu. Aenean volutpat nibh et quam tincidunt maximus. Duis molestie tincidunt venenatis. Class aptent taciti sociosqu ad litora torquent per conubia nostra, per inceptos himenaeos. Suspendisse potenti. Fusce euismod tellus in ex dignissim, ac lobortis ipsum mollis. Vivamus tempus interdum condimentum. Integer eu sem eu ligula elementum pulvinar.
W3D3-3	3	3	3	false		Curabitur volutpat sapien non augue volutpat, porta dictum eros lobortis. Mauris ac enim hendrerit, condimentum risus eu, varius augue. Donec vel fermentum nisi. Quisque ultrices volutpat ipsum. Vivamus eu odio vitae tortor tincidunt sodales. Nullam posuere massa eu ex mollis ornare. Mauris sit amet dui vulputate, congue elit eget, mollis arcu. Praesent tellus justo, mollis non bibendum at, rutrum id lacus. Morbi sed luctus felis, egestas laoreet risus. Interdum et malesuada fames ac ante ipsum primis in faucibus. Aliquam luctus justo sit amet nibh finibus iaculis. In sapien metus, volutpat sit amet arcu non, finibus efficitur erat. Vivamus ut massa sed metus elementum efficitur. Praesent fermentum risus at nulla volutpat pellentesque.
W3D3-4	3	3	4	false		Nunc nunc ligula, efficitur at euismod id, luctus eu neque. Sed consequat massa ac iaculis fringilla. Nam metus eros, convallis eget tempor quis, tristique eu dolor. Ut dignissim ipsum vehicula ultrices consequat. Mauris finibus risus vitae placerat malesuada. Pellentesque tristique justo non placerat posuere. Interdum et malesuada fames ac ante ipsum primis in faucibus. Nam posuere nibh purus. Etiam aliquet erat nec quam tempor, in tempor est auctor. Morbi fermentum tellus a mattis pulvinar. Vivamus luctus aliquam libero vel luctus.
W3D4-1	3	4	1	false		Fusce eu consequat erat. Quisque aliquam lorem in odio dapibus, id convallis ex euismod. Integer sed posuere elit, nec aliquam dui. Suspendisse quam ex, egestas ac quam at, bibendum finibus felis. Nunc euismod vestibulum leo, ac accumsan justo. Curabitur non convallis est, et interdum turpis. Nunc pellentesque augue ligula, ut pellentesque dolor mattis at. Donec laoreet consectetur ex quis blandit. Vestibulum non justo eu nibh efficitur consectetur. Orci varius natoque penatibus et magnis dis parturient montes, nascetur ridiculus mus. Nulla porttitor congue dui, vel mollis dui pharetra et. Vestibulum ultricies sit amet lacus vel dapibus.
W3D4-2	3	4	2	false		Donec eu augue ac lacus molestie gravida. Phasellus pharetra luctus erat, eget maximus sapien hendrerit et. Proin quis euismod elit. Aliquam nec elit id mauris condimentum pretium. Suspendisse turpis arcu, iaculis eget justo sit amet, suscipit tincidunt elit. Phasellus dignissim lorem nibh, eget hendrerit purus dictum id. Sed porttitor ac nisi vitae dignissim. Pellentesque laoreet, turpis et tempor vestibulum, justo enim interdum augue, id eleifend sem est quis tortor.
W3D5 - Project - Todo-List	3	5		true	Todo-List	Integer ut diam velit. Duis eros nisi, viverra et maximus ut, pulvinar sed turpis. Fusce elementum libero ac sapien euismod, quis egestas ante ullamcorper. Vestibulum rhoncus eleifend feugiat. Pellentesque pharetra egestas accumsan. Curabitur hendrerit risus diam, et faucibus massa luctus non. Etiam viverra vitae enim ut vestibulum. Duis accumsan justo lorem, non euismod sapien consectetur vitae. Morbi mi eros, suscipit eget venenatis eu, bibendum vel dolor. Mauris semper, ipsum sit amet consectetur suscipit, neque lacus sodales lorem, cursus scelerisque libero magna a justo. Nullam imperdiet vel metus quis aliquam. Interdum et malesuada fames ac ante ipsum primis in faucibus.
W4D2-1	4	2	1	false		Mauris accumsan non orci ut commodo. Etiam gravida velit sed ullamcorper pellentesque. Nunc dignissim ultrices blandit. Donec tristique elementum sapien, non aliquet magna facilisis sit amet. Nulla nisl libero, aliquet vel mi sed, vulputate eleifend nisl. Duis erat urna, pharetra vel sem ut, facilisis facilisis nibh. Maecenas sem urna, egestas eget tellus ac, venenatis blandit felis. Fusce leo odio, mattis quis malesuada eu, viverra sit amet turpis. Cras ullamcorper purus non justo tincidunt efficitur ac id ante. Sed blandit non nisl at pretium. Sed et tempus sapien. Nunc tincidunt, mauris et vehicula convallis, nunc dui hendrerit eros, in malesuada orci metus eu velit. Pellentesque mauris velit, iaculis sed egestas non, scelerisque sit amet mauris.
W4D2-2	4	2	2	false		Mauris sollicitudin metus nibh, at finibus ex ultricies in. Fusce ultrices ac nunc vitae dictum. Phasellus nec erat vitae mi tincidunt fermentum ac vitae tortor. Phasellus semper cursus mauris vel molestie. Sed velit enim, ullamcorper ut eleifend sit amet, efficitur sed purus. Aliquam erat volutpat. Morbi in erat eget libero pharetra dapibus. Sed blandit hendrerit nulla vitae mattis. Proin non justo nec sem sodales feugiat suscipit non mauris. Donec euismod purus venenatis, pharetra sapien id, fermentum leo. Phasellus lacinia velit ac leo pharetra, ac rutrum quam vehicula.
W4D2-3	4	2	3	false		Proin sit amet rutrum ex. Nullam sit amet arcu eget ligula rutrum tristique. Etiam tempus venenatis molestie. Cras dapibus velit fringilla lectus auctor, quis semper leo iaculis. Suspendisse eu orci enim. Maecenas ultrices dui euismod, posuere tellus et, finibus tellus. Nullam nec magna quis velit dapibus mollis eget vel lectus. Duis eget magna massa. Sed leo dui, porta rhoncus turpis nec, sagittis blandit augue. Suspendisse nisl enim, euismod a hendrerit id, maximus sit amet diam.
W4D2-4	4	2	4	false		Proin at risus eu felis suscipit sollicitudin. Nunc sed tempus nulla. Aenean in tempus urna. Nulla enim nisi, hendrerit quis neque non, laoreet viverra leo. Nam sodales in augue rhoncus maximus. Donec commodo luctus elit in dictum. Sed at est lorem. Nullam vitae dui quis est eleifend condimentum. Cras varius, augue sit amet hendrerit eleifend, diam massa consequat eros, id vestibulum orci sem aliquet ligula.
W4D3-1	4	3	1	false		Phasellus eget mollis enim. Ut congue massa vitae purus lobortis, eget tristique ante aliquet. Donec a nisi lobortis, fermentum diam id, interdum libero. Praesent ac tincidunt sem. Duis placerat, justo ac tincidunt convallis, augue tortor condimentum ligula, in vehicula eros magna sed metus. Duis ut efficitur tellus. Cras sed purus leo. Etiam ac orci efficitur, ultricies ante vel, varius tortor. Proin nec scelerisque urna. In odio ante, congue sit amet nunc feugiat, faucibus venenatis nunc.
W4D3-2	4	3	2	false		Morbi gravida, eros eget accumsan congue, nisi quam mollis justo, in interdum lacus sapien non metus. Nunc et mauris et arcu accumsan convallis interdum a nisi. Fusce posuere nulla dolor, id aliquam augue iaculis at. Morbi aliquam sollicitudin odio, id faucibus dui bibendum et. Cras convallis malesuada massa. Integer mauris augue, blandit vitae metus sit amet, euismod pellentesque dolor. Nunc vel gravida lectus. Maecenas non urna eget urna finibus consequat pellentesque sed lorem.
W4D3-3	4	3	3	false		Nam pharetra consequat erat a consequat. Integer faucibus nunc et rhoncus dapibus. Fusce posuere, nisl nec porttitor lacinia, sem lacus iaculis tortor, et porttitor orci enim ut est. Sed sed dui id mauris molestie interdum ut nec orci. Maecenas ac mauris in sem rutrum eleifend ut nec sapien. Vivamus in ornare odio. Lorem ipsum dolor sit amet, consectetur adipiscing elit. Sed et sapien blandit, auctor lacus sed, semper ex. Vestibulum ante ipsum primis in faucibus orci luctus et ultrices posuere cubilia curae; Curabitur enim magna, tincidunt bibendum urna pulvinar, rutrum vehicula metus. Suspendisse consectetur sem vitae tellus ultricies, non lacinia est mattis. Ut pulvinar vestibulum turpis eu porta. Nunc porta rhoncus elit eget aliquam. Nulla facilisi.
W4D3-4	4	3	4	false		Sed semper luctus elit, eget commodo ex egestas vitae. Cras lacus ligula, scelerisque rhoncus metus ac, feugiat commodo tellus. Etiam rhoncus dolor sed leo pharetra, mollis efficitur tortor gravida. In sit amet massa urna. Praesent lobortis condimentum laoreet. Nunc eget risus arcu. Integer eleifend metus nec ante pretium, non gravida nibh faucibus. Duis scelerisque ex id justo venenatis posuere. Vestibulum a tellus et eros ornare condimentum vel sed nunc. Curabitur sagittis libero vel lacus varius, in vestibulum augue ullamcorper. Nulla in viverra nisl.
W4D3-5	4	3	5	false		Nullam lectus eros, mattis sit amet gravida mollis, feugiat eget est. Vestibulum facilisis facilisis iaculis. Pellentesque sed ipsum odio. In volutpat metus quis tortor facilisis vehicula. Praesent semper molestie lobortis. Aenean felis magna, sodales at velit id, dictum pulvinar metus. Nulla facilisi. Nunc tempus, augue ac tincidunt porttitor, sapien libero luctus tortor, sit amet condimentum urna lectus ut est. Praesent vitae quam et ante finibus laoreet. Mauris congue efficitur luctus. Proin posuere risus enim.
W4D3 - Project - Next-Level CSS	4	3		true	Next-Level CSS	Nulla suscipit justo et justo aliquam dictum eget mattis dui. Vestibulum rhoncus nulla eget fermentum sodales. Quisque eu lectus vitae mi ullamcorper facilisis. Vivamus suscipit interdum diam, id aliquam tortor blandit eu. Aliquam nec ante tortor. Phasellus placerat metus vitae tellus imperdiet, eu dapibus lacus vulputate. Etiam nec iaculis elit, ac placerat elit. Donec gravida dapibus mi eget maximus. Phasellus quis laoreet augue, nec bibendum lectus. Phasellus turpis tellus, auctor id varius eget, tincidunt vitae metus. Maecenas nec nunc rhoncus, scelerisque mi non, scelerisque magna. Nam volutpat lacus mi, ac elementum tellus ultricies et.
W5D4-1	5	4	1	false		Cras sapien purus, feugiat sit amet justo a, tristique viverra orci. Integer et odio vel ex iaculis accumsan. Integer interdum libero mauris, quis porta urna sollicitudin eleifend. Duis blandit ornare ex, et faucibus dui sodales vitae. Interdum et malesuada fames ac ante ipsum primis in faucibus. Quisque ultricies tincidunt fermentum. Sed fringilla, urna nec pellentesque venenatis, orci nisi faucibus ligula, eget vestibulum nulla dolor et lorem. Phasellus euismod maximus magna in vulputate. Cras quis arcu sagittis, finibus turpis in, condimentum eros. Quisque augue nisi, venenatis quis faucibus rutrum, auctor vehicula eros.
W5D5 - Project - Lil_Playlist	5	5		true	Lil_Playlist	Suspendisse tempor lectus quis metus pharetra consectetur. Suspendisse vitae urna ac libero vulputate viverra sit amet nec dui. Suspendisse potenti. Vivamus dignissim, dolor quis congue maximus, turpis diam finibus quam, vitae dapibus orci turpis eu dolor. Suspendisse rhoncus ex mattis libero tempus egestas. Fusce sit amet nunc risus. Aenean mattis nisi turpis, quis tincidunt felis gravida vitae. Vestibulum aliquet pharetra elit, id lacinia nisi hendrerit at. Vivamus id consequat dui, sed imperdiet diam. Nunc sit amet enim aliquam, tristique neque sed, ornare odio. Aliquam luctus lorem eget enim laoreet tristique. Nunc et sollicitudin sem, eget vulputate nunc. Phasellus mattis ligula quam, tincidunt malesuada eros malesuada vel. Mauris nec libero vitae turpis pulvinar euismod non id nibh. Fusce fermentum ipsum eget augue euismod, non tempus sapien vulputate. Integer malesuada urna dolor, vel vestibulum lectus faucibus ac.
W6D1-1	6	1	1	false		Curabitur congue mi vestibulum, ultricies est sed, dapibus nunc. Praesent vel accumsan massa. Donec pharetra libero id vestibulum convallis. Donec euismod feugiat nisl, at porta ante venenatis nec. Vivamus elementum varius nulla ac ullamcorper. Pellentesque et justo iaculis, pellentesque tortor pharetra, mollis mi. Sed erat tellus, congue in pulvinar quis, porta non arcu. Vestibulum lobortis dictum suscipit. Orci varius natoque penatibus et magnis dis parturient montes, nascetur ridiculus mus. Pellentesque tempus lorem a venenatis fringilla. Integer commodo varius enim, et euismod justo egestas tempor. Donec maximus nunc quis velit lobortis tincidunt. Nulla sagittis sapien quam, eget dictum risus finibus eu. Praesent varius aliquam ex, sit amet venenatis ligula sodales ac. Pellentesque semper justo eget dui mollis gravida.
W6D2-1	6	2	1	false		Sed ipsum lectus, lacinia a turpis at, porta dignissim est. Nam quis dapibus libero, sed ultrices tellus. Vestibulum sollicitudin elementum dolor vel dictum. Praesent aliquet fringilla varius. Etiam ullamcorper arcu volutpat sem pretium, sit amet interdum leo convallis. Ut auctor condimentum sapien, eget pretium felis pharetra ac. Curabitur sodales accumsan lacus, vel aliquet metus auctor quis. Sed consectetur libero nec ligula imperdiet, ac imperdiet ex rutrum. Suspendisse hendrerit arcu eu molestie venenatis. Vivamus volutpat rhoncus mauris non dapibus.
W6D2 - Project - Eindopdracht	6	2		true	Eindopdracht	Nullam lorem arcu, bibendum vitae dui quis, vulputate feugiat tortor. Integer eget neque blandit, tempus odio sit amet, finibus dui. Maecenas ante ex, laoreet ut lorem eget, dignissim tempus velit. Vivamus sed egestas sapien, quis placerat velit. Nam id tellus lacus. Aliquam erat volutpat. Vestibulum scelerisque et orci nec pellentesque. Nunc leo tortor, interdum dignissim placerat sed, dapibus eu tortor. Morbi ut facilisis urna.
Test	0	0	0	true	Test	bla